{
  "mse": 3.9152632439281465,
  "rmse": 1.9787024141917213,
  "mae": 1.610539660422201,
  "r2": -0.00037995204927221415
}