{
  "mse": 0.3040957378643153,
  "rmse": 0.5514487626827314,
  "mae": 0.40625299212389715,
  "r2": 0.9223011938891037
}