{
  "metrics": {
    "mse": 0.649987275394476,
    "rmse": 0.8062178833258885,
    "mae": 0.4927935144185915,
    "r2": 0.9184224043592458
  },
  "training_history": {
    "train_loss": [
      22.16267555410212,
      18.734245798804544,
      14.48488246310841,
      10.000962170687588,
      7.059573032639244,
      5.595769340341741,
      5.19717188314958,
      4.793735092336481,
      4.234441085295244,
      4.273938027295199,
      4.3900906606154,
      4.3221212950619785,
      4.1187191876498135,
      3.6564183993773027,
      3.522281522100622,
      3.636598126454787,
      3.5285623452880164,
      3.375921509482644,
      3.2179295258088545,
      3.3035355589606543,
      2.985967527736317,
      2.755455954508348,
      2.710639005357569,
      2.659492698582736,
      2.5724271048199046,
      2.8629918748682197,
      2.5124903483824297,
      2.393307089805603,
      2.718219507824291,
      2.086712593382055,
      2.315612559968775,
      2.156456009908156,
      2.0464671199971978,
      2.0767624378204346,
      1.7836210050366141,
      2.2207432172515174,
      1.9501723701303655,
      1.891742622310465,
      2.016823573545976,
      2.039313468066129,
      1.5606605356389827,
      1.8515715030106632,
      1.9513236013325779,
      1.7876235355030408,
      2.0895719013430853,
      1.8483048650351437,
      1.6350245584141125,
      1.7141226746819236,
      1.8163983740589835,
      1.6730706149881536
    ],
    "val_loss": [
      21.16369390487671,
      17.341759204864502,
      12.94744086265564,
      8.925161600112915,
      6.393845796585083,
      5.37481963634491,
      4.8768031001091,
      4.5361727476119995,
      4.242086887359619,
      4.014488756656647,
      3.8087040781974792,
      3.647991120815277,
      3.4990901350975037,
      3.323470711708069,
      3.1812462210655212,
      3.031346023082733,
      2.8720016479492188,
      2.770516872406006,
      2.6610885858535767,
      2.567238986492157,
      2.4513597786426544,
      2.306244969367981,
      2.2261839509010315,
      2.0998950004577637,
      2.0411353707313538,
      1.9578968584537506,
      1.839989423751831,
      1.7554535269737244,
      1.642451986670494,
      1.5876688957214355,
      1.4890280812978745,
      1.4905441403388977,
      1.481137439608574,
      1.313586413860321,
      1.3070971369743347,
      1.2680741250514984,
      1.1775115877389908,
      1.2284440994262695,
      1.2312136441469193,
      1.1472338289022446,
      1.1850499510765076,
      1.079781360924244,
      1.0702046006917953,
      1.0257074981927872,
      1.0064092501997948,
      1.0216726511716843,
      0.9660849198698997,
      0.944818452000618,
      0.848243735730648,
      0.8741333186626434
    ]
  }
}