{
  "metrics": {
    "mse": 0.2989051795771398,
    "rmse": 0.5467222142707755,
    "mae": 0.28930726084947733,
    "r2": 0.962485471950705
  },
  "training_history": {
    "train_loss": [
      20.17412623492154,
      14.939582152800126,
      8.368632598356767,
      4.448441765525124,
      3.79350483417511,
      3.267782839861783,
      3.2521505626765164,
      2.929909727790139,
      2.890160847793926,
      2.307721717791124,
      2.33533190055327,
      2.5415125489234924,
      1.9004986611279575,
      1.983960059556094,
      1.9689788980917498,
      1.8694886619394475,
      1.5507422956553372,
      1.6067164188081569,
      1.5307025638493625,
      1.542198576710441,
      1.374126675454053,
      1.3790689137848942,
      1.3107429119673641,
      1.2493951483206316,
      1.212069571018219,
      1.035171153870496,
      1.2144629846919666,
      1.2304061299020594,
      1.1140908368609168,
      0.9765570692040704,
      1.099776335737922,
      1.0215383239767768,
      0.9533680000088431,
      1.0695353516123511,
      1.1471321366050027,
      1.0105191807855258,
      0.9212468984452161,
      0.9580782326785001,
      1.0231519653038545,
      0.9985371855172244,
      0.8880194195292213,
      0.9785172018137845,
      0.9592804597182707,
      1.0015974844043904,
      1.0127313055775382,
      1.0483911416747353,
      0.8755061287771572,
      1.0901543457399716,
      0.8476996299895373,
      0.9275947213172913,
      0.8490435887466777,
      0.9303625849160281,
      1.0365930849855596,
      0.8883713267066262,
      0.8312135243957693,
      1.0073084573854099,
      0.7599452314051715,
      0.8920064920728857,
      0.8314466882835735,
      0.9108708202838898,
      0.8932765559716658,
      0.943423555655913,
      0.933866639028896,
      0.8649004616520621,
      0.8323868106711995,
      0.9123033068396829,
      0.9169542261145331,
      0.8156973963434045,
      0.9138336953791705,
      0.9187655259262432,
      0.8140749728137796,
      0.759401252323931,
      0.8168637386777184,
      0.793157312003049,
      0.7874067330902274,
      0.8166682435707613,
      0.9260136227716099,
      0.7745042971589349,
      0.8518861220641569,
      0.6992768956856295,
      0.768030205910856,
      0.7291344505819407,
      0.7746943452141501,
      0.7389661615545099,
      0.8508345118977807,
      0.8218455748124556,
      0.9150374362414534,
      0.6948907415975224,
      0.7480032579465345,
      0.8221711353822188,
      0.7938095724040811,
      0.8261015645482324,
      0.7368206449530341,
      0.8186732489954341,
      0.8045156394893472,
      0.866173347288912,
      0.8387851295146075,
      0.707096743312749,
      0.7778047208081592,
      0.7660558277910406
    ],
    "val_loss": [
      18.10804033279419,
      11.905824661254883,
      5.803621709346771,
      3.729134678840637,
      3.297447144985199,
      3.002581298351288,
      2.84580460190773,
      2.618539661169052,
      2.4033268690109253,
      2.2330125868320465,
      2.03569495677948,
      1.9133043587207794,
      1.7562037408351898,
      1.6068740785121918,
      1.4672613590955734,
      1.3570806384086609,
      1.2865516543388367,
      1.1725761592388153,
      1.0652235597372055,
      0.9844229519367218,
      0.9012198448181152,
      0.8224268779158592,
      0.8119755238294601,
      0.7670627981424332,
      0.6738633960485458,
      0.6111261546611786,
      0.5666319597512484,
      0.5293506234884262,
      0.5111546963453293,
      0.48886738903820515,
      0.4929869808256626,
      0.5070866756141186,
      0.424779306165874,
      0.38148203678429127,
      0.3852938066702336,
      0.429943916387856,
      0.39347373601049185,
      0.39079537941142917,
      0.3526005558669567,
      0.36116894893348217,
      0.36896183900535107,
      0.3183802361600101,
      0.3741581365466118,
      0.3494797246530652,
      0.33670874079689384,
      0.302097883541137,
      0.38004078064113855,
      0.32582738529890776,
      0.3175428658723831,
      0.2769899321720004,
      0.35234575532376766,
      0.31763770431280136,
      0.31233792193233967,
      0.2670099465176463,
      0.2923182141967118,
      0.3376036947593093,
      0.36048910208046436,
      0.32758181169629097,
      0.312585286796093,
      0.3168337047100067,
      0.28838575864210725,
      0.29155056830495596,
      0.2453804020769894,
      0.3063248465768993,
      0.23434304911643267,
      0.31378795951604843,
      0.24679464660584927,
      0.2409663707949221,
      0.2414612011052668,
      0.2479562908411026,
      0.29429987259209156,
      0.2792113069444895,
      0.3140414748340845,
      0.2616315744817257,
      0.2952997274696827,
      0.2918637804687023,
      0.3444581590592861,
      0.22983224783092737,
      0.3321168888360262,
      0.24193379748612642,
      0.2400545310229063,
      0.23352709505707026,
      0.2140814671292901,
      0.29762106016278267,
      0.1974432310089469,
      0.2321923552080989,
      0.3403491172939539,
      0.19468660838901997,
      0.21769886650145054,
      0.2334931157529354,
      0.25577513687312603,
      0.22069048043340445,
      0.2674194425344467,
      0.2267076438292861,
      0.25422724708914757,
      0.2562402365729213,
      0.19217428658157587,
      0.23335092887282372,
      0.22592666745185852,
      0.23330503143370152
    ]
  }
}